feature,class,old_mean,harmonic_mean,weighted_mean,harmonic_minus_old,weighted_minus_harmonic
E_bpfi,healthy,1232695.9054587975,0.0029541027068582283,11.612322805210523,-1232695.9025046946,11.609368702503664
E_bpfi,faulty,1720319.7385888465,0.005433330022862461,4.511134089336862,-1720319.7331555164,4.505700759313999
E_bpfo,healthy,1293571.028333367,0.004446089129623669,11.935608454077546,-1293571.023887278,11.931162364947921
E_bpfo,faulty,527028.3796960108,0.002815369527788956,4.899211759009195,-527028.3768806413,4.896396389481406
E_bsf,healthy,1285812.1900764797,0.0041785736671067,12.077556493035694,-1285812.185897906,12.073377919368587
E_bsf,faulty,75054.81945983962,0.003681419066691853,5.071522802777129,-75054.81577842055,5.067841383710437
