featureset,best_nu,roc_auc,pr_auc
old,0.05,0.8262407028484199,0.05527294993729255
harmonic_old,0.05,0.625,0.06131671591761999
weighted_new,0.05,0.8381037058689791,0.08517439142606831
