,E_bpfi,E_bpfi,E_bpfi,E_bpfo,E_bpfo,E_bpfo,E_bsf,E_bsf,E_bsf,kurtosis,kurtosis,kurtosis,envelope_kurtosis,envelope_kurtosis,envelope_kurtosis,rms,rms,rms,skewness,skewness,skewness
,mean,std,median,mean,std,median,mean,std,median,mean,std,median,mean,std,median,mean,std,median,mean,std,median
class_name,,,,,,,,,,,,,,,,,,,,,
faulty,382293.27524,4677916.74759,0.0,117117.41771,959112.17246,0.0,16678.84877,139890.21492,0.0,3.81517,8.16382,2.98823,5.29393,20.29953,3.29979,0.40051,0.75062,0.01469,-0.00819,0.14993,-0.00552
healthy,1232695.90546,6371951.05737,96370.68818,1293571.02833,6192119.82987,138866.27726,1285812.19008,23823766.83685,85336.65537,3.09309,5.75623,2.99712,3.42019,4.46147,3.22148,2.19785,2.35609,1.72568,0.00582,0.17445,-0.00044
other_1,1832172.48077,2121688.83151,1800445.25102,1164729.52885,1497869.84165,671338.54779,406580.4024,504645.32788,47334.71087,4.1362,1.46712,3.4489,6.52123,4.21996,4.31581,1.82515,2.01475,2.01412,0.0019,0.08406,-0.00038
other_2,11527572.73446,4205267.03469,12066362.98252,16113009.47349,4461862.88132,16234455.43146,3564461.58562,1974231.17843,3143989.65192,4.46169,2.23452,3.06,6.27346,4.07471,3.48925,20.2845,3.99647,21.53893,0.02594,0.06446,0.00606
other_3,71722.89759,39228.78839,68024.66609,3429231.77741,7468964.45978,1443269.92069,853477.49149,992142.62867,582179.85354,2.93006,0.39493,2.95418,3.11062,0.73408,3.1523,1.38747,1.09237,1.1363,-0.00139,0.06673,-0.0033
