sample_id,class_name,rms_mean,rms_std,rms_min,rms_max,kurtosis_mean,kurtosis_std,kurtosis_min,kurtosis_max,envelope_kurtosis_mean,envelope_kurtosis_std,envelope_kurtosis_min,envelope_kurtosis_max
1_test_DS_18,faulty,0.010686307066984773,0.0002146201125259781,0.010256355095993904,0.010926689528979794,2.7928896024515955,0.09410138096477191,2.6874894508539926,2.924938021049247,2.9767273697639443,0.20834960919544424,2.651010928774295,3.3570174200139413
1_test_DS_19,faulty,0.007355100489998586,0.00040401276177662424,0.006692677869001749,0.007946706676254285,2.880191533373551,0.10545718927731682,2.7365814912135704,3.073692396519259,3.0293444992436225,0.2003955009535131,2.6021960090042207,3.2847090589428447
1_test_DS_53,faulty,0.006507551773640751,0.0007491747912067992,0.005149661756750756,0.007565539121376441,2.953904573581126,0.17290784122362007,2.7010806868018196,3.3178201925848616,3.044752752054634,0.33924516249649206,2.5826566229000516,3.7818978027264247
1_test_FS_0,healthy,0.05679786945041533,0.0006475471670182304,0.05588461555618572,0.05805394936111764,2.9513789949656855,0.09883181147332809,2.821088702616592,3.0918381789774747,3.1864001726006914,0.25207226992230064,2.811602841354335,3.6091362027978944
1_test_FS_1,healthy,0.052299509569469146,0.0007294588382887409,0.05124275274182594,0.053444317005620544,3.1168221381048067,0.11601115357961513,2.9559787435385054,3.277283644413261,3.73580179440164,0.4972900669331642,3.297488158329453,4.728814193531863
1_test_FS_2,healthy,0.0471290977482342,0.0011910679221925943,0.045350332408066726,0.04879239520142701,3.1281858072758277,0.07944924768286099,2.9932964490424516,3.2174797963283943,3.6433822185225617,0.4039973001119007,3.2264817289660765,4.386890477546245
