subset,n_samples,healthy_n,faulty_n,roc_auc,pr_auc,healthy_mean,faulty_mean,mean_gap_faulty_minus_healthy
DS,2286,2248,38,0.9482815133920208,0.4539663684169113,-2.1760330300517796,6.2542014919999716,8.430234522051752
FS,2587,2581,6,0.7517112230401652,0.010715781693452735,-2.238721074884624,-1.0932573237448537,1.14546375113977
